{
  "dataset_rows": 4500,
  "overall_summary": {
    "spend": {
      "count": 4387.0,
      "mean": 479.9589468885343,
      "std": 283.3920881232181,
      "min": 21.14,
      "25%": 249.24,
      "50%": 439.06,
      "75%": 676.5699999999999,
      "max": 1482.76
    },
    "impressions": {
      "count": 4500.0,
      "mean": 264497.0028888889,
      "std": 145930.5080767513,
      "min": 12002.0,
      "25%": 137623.25,
      "50%": 263456.5,
      "75%": 390130.5,
      "max": 519901.0
    },
    "clicks": {
      "count": 4348.0,
      "mean": 3466.2520699172032,
      "std": 2471.919960790357,
      "min": 71.0,
      "25%": 1573.75,
      "50%": 2986.5,
      "75%": 4803.5,
      "max": 15738.0
    },
    "ctr": {
      "count": 4500.0,
      "mean": 0.013065511111111112,
      "std": 0.005100851911738098,
      "min": 0.003,
      "25%": 0.0094,
      "50%": 0.0121,
      "75%": 0.0159,
      "max": 0.0364
    },
    "purchases": {
      "count": 4500.0,
      "mean": 75.80977777777778,
      "std": 77.93533656744425,
      "min": 0.0,
      "25%": 22.0,
      "50%": 52.0,
      "75%": 103.0,
      "max": 644.0
    },
    "revenue": {
      "count": 4367.0,
      "mean": 2808.724689718342,
      "std": 2837.959720538181,
      "min": 0.0,
      "25%": 837.9300000000001,
      "50%": 1943.26,
      "75%": 3772.715,
      "max": 28284.69
    },
    "roas": {
      "count": 4491.0,
      "mean": 9.634399910932975,
      "std": 16.452217496355477,
      "min": 0.0,
      "25%": 1.93,
      "50%": 4.34,
      "75%": 10.434999999999999,
      "max": 286.05
    }
  },
  "roas_trend": {
    "start_roas": 9.225510204081633,
    "end_roas": 7.138400000000001,
    "trend_direction": "decline"
  },
  "low_ctr_summary": {
    "count": 275,
    "avg_ctr": 0.0104,
    "avg_roas": 8.321,
    "sample_campaigns": [
      "Men_ComfortMax_Launch",
      "Men Comfortmax Launch",
      "MEN COMFORTMAX LAUNCH",
      "Men ComfortMax Launch",
      "men co fortmax launch"
    ]
  },
  "timestamp": "2025-10-27T14:36:09.711134"
}